title,company,location,salary_range,url,description
Full Stack Developer,Novabyte Solutions,Anywhere,20000-40000 USD,https://remoteok.com/novabyte-solutions,"<p><strong>Position:</strong> Full Stack Developer</p><p><strong>Location:</strong> Remote<br /><br /><strong>Employement Type:</strong> Contractor - Full Time</p><p><strong>Reports To: Team Lead</strong></p><p><strong>About Novabyte:</strong> At Novabyte, we build technology that takes our clients "
Founding Full Stack Developer,Tutorbase,Anywhere,60000-70000 USD,https://remoteok.com/tutorbase,"<div class=""mb-4 job-post__description""><p>This is the role that will turn <a href=""https://tutorbase.com/"">Tutorbase</a> from a validated prototype into the go-to SaaS for tutoring centers. If this seat is empty:</p><ul><li>Features won’t ship at the speed our early customers expect.</li><li>There’"
Software Engineer,Tech Solutions Inc.,Anywhere,80000-120000 USD,https://remoteok.com/tech-solutions-inc,"We are looking for a Software Engineer to join our team. The ideal candidate will have experience in developing scalable web applications. Responsibilities include designing, coding, and testing software solutions. You will work closely with product managers and designers to create user-friendly app"
Senior Software Engineer Backend,Camunda,Anywhere,80000-120000 USD,https://remoteok.com/camunda,"Camunda is the leader in enterprise agentic automation, orchestrating complex business processes, including high-value knowledge work, across agents, people, and systems. By creating production-ready, enterprise-grade agents with built-in governance, Camunda uniquely delivers trusted AI agents for b"
Senior Full Stack Developer,Kodify Media Group,Anywhere,50000-70000 USD,https://remoteok.com/kodify-media-group,"<div><div><div class=""sc-1fwbcuw-0 jayYeA""><div><h4>Who are we, and why are we hiring?</h4><p>We're based on over 15 years of success, producing world-class video content and building, developing, and managing a number of high-traffic websites. Our award-winning content and websites are created excl"
Software Engineer II,Wealth.com,Anywhere,80000-120000 USD,https://remoteok.com/wealth-com,"Wealth.com is the industry’s leading estate planning platform, empowering financial advisors to offer modern, comprehensive estate planning solutions to their clients. By combining cutting-edge technology, AI, and unmatched human expertise, we deliver a seamless experience that sets us apart. Beyond"
Senior Software Development Engineer,Recharge,Anywhere,80000-120000 USD,https://remoteok.com/recharge,"Who we are  In a world where acquisition costs are skyrocketing, funding is scarce, and ecommerce merchants are forced to do more with less, the most innovative DTC brands understand that subscription strategy is business strategy.  Recharge is simplifying retention and growth for innovative ecommer"
Full‑Stack Software Engineer,Toku,Anywhere,80000-120000 USD,https://remoteok.com/toku,"About Toku   Every company in the world runs payroll. But the rails underneath it haven’t changed since the 1970s.   Toku is building what comes next - infrastructure that makes payroll work the way the internet does: instantly, globally, and without unnecessary friction. ‍ We enable companies to pa"
Software Engineer Product,GC AI,Anywhere,150000-230000 USD,https://remoteok.com/gc-ai,"About companyGC AI is currently an AI platform for in-house lawyers to 10x themselves. Using the latest LLMs, we are building AI agents that can use company knowledge, leverage external sources, and connect with internal tools to provide better and faster legal advice to the rest of the company. Tho"
Software Engineer,Tech Innovations Inc.,Anywhere,80000-120000 USD,https://remoteok.com/tech-innovations-inc,"We are looking for a Software Engineer to join our team. The ideal candidate will have experience in developing scalable web applications and a passion for technology. Responsibilities include designing, coding, and testing software solutions. You will work closely with product managers and other en"
Senior Frontend Engineer Scaled React,Zeller,Anywhere,80000-120000 USD,https://remoteok.com/zeller,"About the role The Zeller payments team owns the platforms used to make millions of payments to our business customers each month. As one of the fastest growing fintechs in Australia, we are searching for product-minded engineers to craft our user-focused, modern payments and banking platform. As a "
Software Engineer React,3Pillar,India,60000-140000 USD,https://remoteok.com/3pillar,"We are 3PILLAR GLOBAL&nbsp;   We build breakthrough software products that power digital businesses. We are an innovative product development partner whose solutions drive rapid revenue, market share, and customer growth for industry leaders in Software and SaaS, Media and Publishing, Information Se"
Job 22929 Developer .Net and React Pleno Brasil,CI&amp;T,Brazil,87500-122500 USD,https://remoteok.com/ciampt,"Somos especialistas em transformação tecnológica, unindo expertise humana à IA para criar soluções tech escaláveis. Com mais de 7.400 CI&amp;Ters ao redor do mundo, já formamos parcerias com mais de 1.000 clientes durante nossos 30 anos de história. Inteligência Artificial é nossa realidade.   Impor"
Senior Full Stack Engineer,Snowplow Analytics,Poland,60000-120000 USD,https://remoteok.com/snowplow-analytics,"Senior Full-Stack Engineer   Poland/Remote   LI-Remote   About Snowplow:   Snowplow is the global leader in customer data infrastructure for AI, enabling every organization to transform raw behavioral data into governed, high-fidelity fuel for AI-powered applications—including advanced analytics, re"
Product Engineer,Tolt,Anywhere,40000-80000 USD,https://remoteok.com/tolt,"<p><strong><span class=""notion-enable-hover"">This isn't your typical 9-5 job. We're building the V2 of our entire company from scratch. We need a builder obsessed with solving complex problems at scale. This requires immense ownership and commitment.</span>   </strong></p><p>Tolt (<a class=""notion-l"
FullStack Engineer,NTD software,Anywhere,60000-125000 USD,https://remoteok.com/ntd-software,"We are seeking a versatile Full Stack Developer with hands-on experience across both frontend and backend technologies to design, develop, and maintain dynamic web and mobile applications. The ideal candidate has a strong understanding of modern development practices, is comfortable working with clo"
