title,company,location,posted,type,url
Senior Community Relations Coordinator,Remote.co Listing,Remote in IL,Today,Full-Time,https://api.scraperapi.com/job-details/senior-community-relations-coordinator-39e972c5-6980-4607-b10a-a86ea859ca4a
Field Account Manager- Industrial,Remote.co Listing,"Remote in Oakland, CA, Berkeley, CA, Fremont, CA, Hayward, CA, Concord, CA, CA",Today,Full-Time,https://api.scraperapi.com/job-details/field-account-manager-industrial-2ba118f9-2c25-489d-8feb-607ff88b9a55
Long-Term Services & Supports Service Care Manager,Remote.co Listing,"Remote in Charlotte, NC",Today,Full-Time,https://api.scraperapi.com/job-details/long-term-services-supports-service-care-manager-cdb69e95-c476-4a2d-bc91-59c64404349c
Account Executive,Remote.co Listing,"Hybrid Remote in York, PA, Berkeley Heights, NJ, Melville, NY, New York, NY",Today,Full-Time,https://api.scraperapi.com/job-details/account-executive-82ae75e0-b9fd-4720-86ad-308718fd4b21
Lead Engineer - Probabilistic Risk & Reliability,Remote.co Listing,"Remote in Wilmington, NC",Today,Full-Time,https://api.scraperapi.com/job-details/lead-engineer-probabilistic-risk-reliability-37c8d848-5ce7-41c1-a43d-703acd16ab8f
Senior Contracts Administrator,Remote.co Listing,"Hybrid Remote in Falls Church, VA",Today,Full-Time,https://api.scraperapi.com/job-details/senior-contracts-administrator-ca760fc4-1088-4715-a00e-e047f8cf2190
Senior Clinical Specialist,Remote.co Listing,Remote in CA,Today,Full-Time,https://api.scraperapi.com/job-details/senior-clinical-specialist-ab0f46fb-0dc2-40f9-a9f5-f3aced170bb6
Solutions Architect SME,Remote.co Listing,"Remote, US National",Today,Not specified,https://api.scraperapi.com/job-details/solutions-architect-sme-da488f8d-3c72-4314-9b6c-da290bfaef16
Care Management Support Coordinator II,Remote.co Listing,Remote in DE,Today,Full-Time,https://api.scraperapi.com/job-details/care-management-support-coordinator-ii-35c99a81-f6ee-4a70-8508-74781b2a3033
Long-Term Services & Supports Service Care Manager,Remote.co Listing,"Hybrid Remote in Odessa, TX",Today,Full-Time,https://api.scraperapi.com/job-details/long-term-services-supports-service-care-manager-a83c6741-0da6-4555-a2bf-1357bf1ff467
Senior Communications Specialist,Remote.co Listing,"Hybrid Remote in Cedar Rapids, IA, Baltimore, MD",Today,Full-Time,https://api.scraperapi.com/job-details/senior-communications-specialist-17c10e35-2d4c-42c9-9293-4b2882c570b5
"Senior Business Analyst, Technology",Remote.co Listing,"Hybrid Remote in Los Angeles, CA",Today,Full-Time,https://api.scraperapi.com/job-details/senior-business-analyst-technology-2b96eb65-74e2-4482-9e43-06e47f56901b
Engineer - Engine Design,Remote.co Listing,"Hybrid Remote in Fond Du Lac, WI",Today,Full-Time,https://api.scraperapi.com/job-details/engineer-engine-design-79890651-08ac-4763-8139-aa6b49a7258e
Client Inquiry Analyst,Remote.co Listing,"Hybrid Remote in Boston, MA",Today,Full-Time,https://api.scraperapi.com/job-details/client-inquiry-analyst-702e58f1-bded-474e-afbc-380cc5801f2c
"Counsel, Contracts",Remote.co Listing,"Remote, US National",Today,Full-Time,https://api.scraperapi.com/job-details/counsel-contracts-dbfca482-176e-4f9a-8cd3-56fd3eff7d81
Lead Protection and Control Engineer,Remote.co Listing,"Remote, US National",Today,Full-Time,https://api.scraperapi.com/job-details/lead-protection-and-control-engineer-dcb05aba-39c2-4c5e-b946-813acb3f52b1
"Visualization Developer, Analytics Enablement",Remote.co Listing,"Hybrid Remote in Los Angeles, CA",Today,Full-Time,https://api.scraperapi.com/job-details/visualization-developer-analytics-enablement-2c3c2bb0-1fa6-432e-a120-26df932ec222
Veterinary Radiologist,Remote.co Listing,"Roanoke, VA",Today,Full-Time,https://api.scraperapi.com/job-details/veterinary-radiologist-d2083dbe-3e27-4611-af30-ac8847a529df
Market and Business Intelligence Manager,Remote.co Listing,"Hybrid Remote in Duncan, SC",Today,Full-Time,https://api.scraperapi.com/job-details/market-and-business-intelligence-manager-a5013c91-9c6c-4e6d-90d8-97063bfdf7fa
Accountant - Fixed Assets,Remote.co Listing,"Hybrid Remote in Herndon, VA",Today,Full-Time,https://api.scraperapi.com/job-details/accountant-fixed-assets-d5c73079-de14-4884-a7cf-f058c8e7fd87
Brand Marketing Manager,Remote.co Listing,"Remote, US National",Today,Full-Time,https://api.scraperapi.com/job-details/brand-marketing-manager-52011ed2-fa52-45ea-8610-85366a64aa02
Manager Medical Affairs,Remote.co Listing,Remote in IL,Today,Full-Time,https://api.scraperapi.com/job-details/manager-medical-affairs-27593793-e64e-4a47-a1ae-fdbcb662231b
eDiscovery Forensic Consultant,Remote.co Listing,"Remote in MI, IN, KY, TN, GA, FL, OH, NC, SC, WV, VA, PA, DC, CT, NJ, NY, RI, NH, ME, MD, DE, VT, MA",Today,Full-Time,https://api.scraperapi.com/job-details/ediscovery-forensic-consultant-5f8c08cb-fd72-4c85-a317-99115fabd3b7
Marketing Manager,Remote.co Listing,"Hybrid Remote in London, United Kingdom",Today,Full-Time,https://api.scraperapi.com/job-details/marketing-manager-5a96d43c-a2a3-4300-8fd3-e2169dbf371b
"Consultant, Medicaid",Remote.co Listing,"Remote, US National",Today,Full-Time,https://api.scraperapi.com/job-details/consultant-medicaid-82206743-ae0a-4be5-92c3-a65d4dd7f6d9
Digital Marketing Executive,Remote.co Listing,Remote in United Kingdom,Today,Full-Time,https://api.scraperapi.com/job-details/digital-marketing-executive-936ef9a2-0414-4bdd-bc2e-d1c985b47fc7
Senior Clinical Specialist,Remote.co Listing,"Remote in Boston, MA",Today,Full-Time,https://api.scraperapi.com/job-details/senior-clinical-specialist-9c83478d-3855-439a-bd04-08b793185944
"Microsoft Solution Engineer Junior - Power Apps, M365, Azure",Remote.co Listing,"Remote in Washington, DC",Today,Full-Time,https://api.scraperapi.com/job-details/microsoft-solution-engineer-junior-power-apps-m365-azure-b534d3bd-6523-4102-8bce-3743d830b190
Senior Financial Analyst - Financial Planning & Analysis,Remote.co Listing,"Hybrid Remote in Massillon, OH",Today,Full-Time,https://api.scraperapi.com/job-details/senior-financial-analyst-financial-planning-analysis-93d03cc8-a1c2-4c99-a624-97378235dc68
Senior Transition Specialist,Remote.co Listing,Remote in IL,Today,Full-Time/Part-Time,https://api.scraperapi.com/job-details/senior-transition-specialist-a80bf356-dec1-4ce2-8a15-6163126cf9da
